id;prenom;nom;email;telephone_fixe;telephone_portable;depuis;habite_local;fin_le
1;Card;recontextualize transmitting program;Aymard94@hotmail.fr;b Unbranded Distributed;Peso;2021-08-01;true;2021-07-31
2;Self-enabling;saoudite Garden;Jean.Sanchez@yahoo.fr;SMTP Producteur;protocol synthesizing Cotton;2021-07-31;false;2021-07-31
3;Cambridgeshire architectures HDD;Handcrafted 24/365;Alice54@yahoo.fr;bypass;utilize Laffitte;2021-07-31;true;2021-08-01
4;d'Argenteuil Realigned;Metal;Raymond.Mercier@hotmail.fr;Personal Enhanced;embrace Money;2021-07-31;false;2021-08-01
5;state digital;Executif XSS a;Adalric_Clement50@gmail.com;application compressing;la Concrete;2021-07-31;false;2021-07-31
6;AGP Adolphe;Soft;Adonise.Andre@hotmail.fr;auxiliary Ingenieur de;b c web-readiness;2021-07-31;false;2021-08-01
7;Intelligent Executif;Cambridgeshire Directeur;Eustache98@gmail.com;redundant Buckinghamshire;Lilangeni mobile;2021-08-01;true;2021-08-01
8;Fantastic synthesizing;b;Aliz_Francois@gmail.com;Granite up;applications Licensed Concrete;2021-08-01;false;2021-07-31
9;a program;Royale c Chips;Axel_Picard67@gmail.com;deposit Gloves;c niches;2021-07-31;false;2021-07-31
10;b JBOD;HTTP;Firmin.Perrot54@yahoo.fr;generate;Rh√¥ne-Alpes Grocery;2021-08-01;false;2021-08-01
